{
  "training_date": "2025-11-28T08:09:22.778899",
  "num_stocks": 5196,
  "training_samples": 1080974,
  "test_samples": 270244,
  "feature_count": 18,
  "features": [
    "close",
    "volume",
    "return_1d",
    "return_5d",
    "return_20d",
    "return_60d",
    "volatility_20d",
    "volatility_60d",
    "sma_20",
    "sma_50",
    "sma_200",
    "sma_20_50_ratio",
    "sma_50_200_ratio",
    "rsi_14",
    "bb_position",
    "volume_20d_avg",
    "volume_ratio",
    "momentum_20d"
  ],
  "model_weights": {
    "xgboost": 0.35,
    "random_forest": 0.25,
    "lightgbm": 0.4
  },
  "performance": {
    "xgboost": {
      "mse": 3975.817349690052,
      "mae": 0.41963393343866345,
      "r2": 0.4324517354150972
    },
    "random_forest": {
      "mse": 3106.14619690907,
      "mae": 0.5442586539270944,
      "r2": 0.5565973663905435
    },
    "lightgbm": {
      "mse": 1028.3902107261913,
      "mae": 0.607612723984988,
      "r2": 0.853197210012866
    },
    "ensemble": {
      "mse": 829.609137363881,
      "mae": 0.4563939628124772,
      "r2": 0.8815732251303358
    }
  },
  "config": {
    "training_universe_size": null,
    "history_days": 730,
    "forward_prediction_days": 30,
    "test_size": 0.2,
    "random_state": 42,
    "output_dir": "ml_models"
  }
}